Workbook

Sheet Service Invoice-Charges
E1: INVOICE
C2: Roy Wan | F2: Invoice No : | G2: [客戶代碼]+[開立日期]'
C3: RETURN HELPER LIMITED TAIWAN BRANCH | F3: Date : | G3: [開立日期]
C4: 4 F., No. 136, Sec. 1, Neihu Rd., Xikang Vil., Neihu Dist., Taipei City 114066, Taiwan | F4: Customer ID :
C7: +886 8751 5147
C9: [客戶姓名]
C10: [公司名稱]
C12: [客戶地址]
C14: [客戶電話]
B16: QUANTITY | C16: Description | E16: Price(TWD) | F16: Quantity | G16: Line Total(TWD)
C17: Directline Shipping Fee | E17: "$"+[未稅價格]' | F17: 1 | G17: "$"+[未稅價格]'
E18: =SUMIF('Transaction Record'!C:E,C18,'Transaction Record'!E:E)*-1 -> 0 | F18: =COUNTIF('Transaction Record'!C:C,C18) -> 0 | G18: =E18 -> 0
E19: =SUMIF('Transaction Record'!C:E,C19,'Transaction Record'!E:E)*-1 -> 0 | F19: =COUNTIF('Transaction Record'!C:C,C19) -> 0 | G19: =E19 -> 0
E20: =SUMIF('Transaction Record'!C:E,C20,'Transaction Record'!E:E)*-1 -> 0 | F20: =COUNTIF('Transaction Record'!C:C,C20) -> 0 | G20: =E20 -> 0
E21: =SUMIF('Transaction Record'!C:E,C21,'Transaction Record'!E:E)*-1 -> 0 | F21: =COUNTIF('Transaction Record'!C:C,C21) -> 0 | G21: =E21 -> 0
E22: =SUMIF('Transaction Record'!C:E,C22,'Transaction Record'!E:E)*-1 -> 0 | F22: =COUNTIF('Transaction Record'!C:C,C22) -> 0 | G22: =E22 -> 0
E23: =SUMIF('Transaction Record'!C:E,C23,'Transaction Record'!E:E)*-1 -> 0 | F23: =COUNTIF('Transaction Record'!C:C,C23) -> 0 | G23: =E23 -> 0
E24: =SUMIF('Transaction Record'!C:E,C24,'Transaction Record'!E:E)*-1 -> 0 | F24: =COUNTIF('Transaction Record'!C:C,C24) -> 0 | G24: =E24 -> 0
E25: =SUMIF('Transaction Record'!C:E,C25,'Transaction Record'!E:E)*-1 -> 0 | F25: =COUNTIF('Transaction Record'!C:C,C25) -> 0 | G25: =E25 -> 0
E26: =SUMIF('Transaction Record'!C:E,C26,'Transaction Record'!E:E)*-1 -> 0 | F26: =COUNTIF('Transaction Record'!C:C,C26) -> 0 | G26: =E26 -> 0
F27: Subtoatal(excl. VAT) | G27: =SUM(G17:G26) -> 0
F28: 5% V.A.T | G28: =ROUNDUP((SUM(G17:G26))*5%,0) -> 0
F29: Grand Total | G29: =SUM(G27:G28) -> 0
C31: 1. Bank Transfer: Beneficiary Name: 香港商偉業技術有限公司台灣分公司 Beneficiary Bank: 凱基銀行 KGI Bank Bank Branch: 瑞光分行 (0717) Account no.:6071-01-0000128-8 Bank Code: 809
C32: THANK YOU FOR YOUR BUSINESS!

Sheet Transaction Record
A1: ClientCode | B1: TrackingNumber | C1: DestinationCountry | D1: Currency | E1: ChargeWeight | F1: Freight | G1: Tracking Fee | H1: AdditionalFee | I1: TotalCost | J1: ArrivalDate
A2: CNH154978 | B2: YT2605500704167653 | C2: 美國 | D2: TWD | E2: 0.05 | F2: 30.8 | G2: 132 | H2: 0 | I2: 162.8 | J2: 2026-02-26 23:00:00
A3: CNH154978 | B3: YT2605500704305485 | C3: 澳洲 | D3: TWD | E3: 0.054 | F3: 19.44 | G3: 96 | H3: 0 | I3: 115.44 | J3: 2026-02-26 23:00:00
A4: CNH154978 | B4: YT2605500704356363 | C4: 美國 | D4: TWD | E4: 0.226 | F4: 130.18 | G4: 120 | H4: 0 | I4: 250.18 | J4: 2026-02-26 23:00:00
A5: HK0C142875 | B5: YT2605500704128598 | C5: 美國 | D5: TWD | E5: 0.054 | F5: 33.26 | G5: 132 | H5: 0 | I5: 165.26 | J5: 2026-02-26 23:00:00
A6: HK0C142875 | B6: YT2605500704343411 | C6: 美國 | D6: TWD | E6: 0.078 | F6: 48.05 | G6: 132 | H6: 0 | I6: 180.05 | J6: 2026-02-26 23:00:00
A7: HK0C142875 | B7: YT2605500704349582 | C7: 美國 | D7: TWD | E7: 0.078 | F7: 48.05 | G7: 132 | H7: 0 | I7: 180.05 | J7: 2026-02-26 23:00:00
A8: HK0C142875 | B8: YT2604500700491884 | C8: 美國 | D8: TWD | E8: 0.638 | F8: 364.94 | G8: 120 | H8: 176 | I8: 660.94 | J8: 2026-02-26 23:00:00
